chunk_strategy,search_method,reranker,filter_mode,top_k,document_count,chunk_count,index_build_time_ms,query_count,mean_precision_at_k,mean_recall_at_k,mrr,mean_ndcg_at_k,mean_search_time_ms,mean_required_term_coverage_at_k,excluded_term_hit_count,product_confusion_count,version_mismatch_count,quality_gate_passed
fixed,keyword,none,none,1,2,2,0.3197999903932214,2,1.0,1.0,1.0,1.0,0.07235001248773187,1.0,0,0,0,True
fixed,keyword,none,none,3,2,2,0.3197999903932214,2,0.3333333333333333,1.0,1.0,1.0,0.07235001248773187,1.0,0,0,0,True
fixed,keyword,none,none,5,2,2,0.3197999903932214,2,0.2,1.0,1.0,1.0,0.07235001248773187,1.0,0,0,0,True
fixed,keyword,none,product,1,2,2,0.3197999903932214,2,1.0,1.0,1.0,1.0,0.05830000736750662,1.0,0,0,0,True
fixed,keyword,none,product,3,2,2,0.3197999903932214,2,0.3333333333333333,1.0,1.0,1.0,0.05830000736750662,1.0,0,0,0,True
fixed,keyword,none,product,5,2,2,0.3197999903932214,2,0.2,1.0,1.0,1.0,0.05830000736750662,1.0,0,0,0,True
fixed,keyword,none,product_and_version,1,2,2,0.3197999903932214,2,1.0,1.0,1.0,1.0,0.049749985919333994,1.0,0,0,0,True
fixed,keyword,none,product_and_version,3,2,2,0.3197999903932214,2,0.3333333333333333,1.0,1.0,1.0,0.049749985919333994,1.0,0,0,0,True
fixed,keyword,none,product_and_version,5,2,2,0.3197999903932214,2,0.2,1.0,1.0,1.0,0.049749985919333994,1.0,0,0,0,True
fixed,keyword,lexical,none,1,2,2,0.3197999903932214,2,1.0,1.0,1.0,1.0,0.185500000952743,1.0,0,0,0,True
fixed,keyword,lexical,none,3,2,2,0.3197999903932214,2,0.3333333333333333,1.0,1.0,1.0,0.185500000952743,1.0,0,0,0,True
fixed,keyword,lexical,none,5,2,2,0.3197999903932214,2,0.2,1.0,1.0,1.0,0.185500000952743,1.0,0,0,0,True
fixed,keyword,lexical,product,1,2,2,0.3197999903932214,2,1.0,1.0,1.0,1.0,0.16029999824240804,1.0,0,0,0,True
fixed,keyword,lexical,product,3,2,2,0.3197999903932214,2,0.3333333333333333,1.0,1.0,1.0,0.16029999824240804,1.0,0,0,0,True
fixed,keyword,lexical,product,5,2,2,0.3197999903932214,2,0.2,1.0,1.0,1.0,0.16029999824240804,1.0,0,0,0,True
fixed,keyword,lexical,product_and_version,1,2,2,0.3197999903932214,2,1.0,1.0,1.0,1.0,0.152449996676296,1.0,0,0,0,True
fixed,keyword,lexical,product_and_version,3,2,2,0.3197999903932214,2,0.3333333333333333,1.0,1.0,1.0,0.152449996676296,1.0,0,0,0,True
fixed,keyword,lexical,product_and_version,5,2,2,0.3197999903932214,2,0.2,1.0,1.0,1.0,0.152449996676296,1.0,0,0,0,True
fixed,bm25,none,none,1,2,2,0.461799994809553,2,1.0,1.0,1.0,1.0,0.04610000178217888,1.0,0,0,0,True
fixed,bm25,none,none,3,2,2,0.461799994809553,2,0.3333333333333333,1.0,1.0,1.0,0.04610000178217888,1.0,0,0,0,True
fixed,bm25,none,none,5,2,2,0.461799994809553,2,0.2,1.0,1.0,1.0,0.04610000178217888,1.0,0,0,0,True
fixed,bm25,none,product,1,2,2,0.461799994809553,2,1.0,1.0,1.0,1.0,0.036249999538995326,1.0,0,0,0,True
fixed,bm25,none,product,3,2,2,0.461799994809553,2,0.3333333333333333,1.0,1.0,1.0,0.036249999538995326,1.0,0,0,0,True
fixed,bm25,none,product,5,2,2,0.461799994809553,2,0.2,1.0,1.0,1.0,0.036249999538995326,1.0,0,0,0,True
fixed,bm25,none,product_and_version,1,2,2,0.461799994809553,2,1.0,1.0,1.0,1.0,0.04230000195093453,1.0,0,0,0,True
fixed,bm25,none,product_and_version,3,2,2,0.461799994809553,2,0.3333333333333333,1.0,1.0,1.0,0.04230000195093453,1.0,0,0,0,True
fixed,bm25,none,product_and_version,5,2,2,0.461799994809553,2,0.2,1.0,1.0,1.0,0.04230000195093453,1.0,0,0,0,True
fixed,bm25,lexical,none,1,2,2,0.461799994809553,2,1.0,1.0,1.0,1.0,0.1832999987527728,1.0,0,0,0,True
fixed,bm25,lexical,none,3,2,2,0.461799994809553,2,0.3333333333333333,1.0,1.0,1.0,0.1832999987527728,1.0,0,0,0,True
fixed,bm25,lexical,none,5,2,2,0.461799994809553,2,0.2,1.0,1.0,1.0,0.1832999987527728,1.0,0,0,0,True
fixed,bm25,lexical,product,1,2,2,0.461799994809553,2,1.0,1.0,1.0,1.0,0.14325001393444836,1.0,0,0,0,True
fixed,bm25,lexical,product,3,2,2,0.461799994809553,2,0.3333333333333333,1.0,1.0,1.0,0.14325001393444836,1.0,0,0,0,True
fixed,bm25,lexical,product,5,2,2,0.461799994809553,2,0.2,1.0,1.0,1.0,0.14325001393444836,1.0,0,0,0,True
fixed,bm25,lexical,product_and_version,1,2,2,0.461799994809553,2,1.0,1.0,1.0,1.0,0.15335000352934003,1.0,0,0,0,True
fixed,bm25,lexical,product_and_version,3,2,2,0.461799994809553,2,0.3333333333333333,1.0,1.0,1.0,0.15335000352934003,1.0,0,0,0,True
fixed,bm25,lexical,product_and_version,5,2,2,0.461799994809553,2,0.2,1.0,1.0,1.0,0.15335000352934003,1.0,0,0,0,True
fixed,hash_embedding,none,none,1,2,2,1.816600008169189,2,1.0,1.0,1.0,1.0,0.5404000112321228,1.0,0,0,0,True
fixed,hash_embedding,none,none,3,2,2,1.816600008169189,2,0.3333333333333333,1.0,1.0,1.0,0.5404000112321228,1.0,0,0,0,True
fixed,hash_embedding,none,none,5,2,2,1.816600008169189,2,0.2,1.0,1.0,1.0,0.5404000112321228,1.0,0,0,0,True
fixed,hash_embedding,none,product,1,2,2,1.816600008169189,2,1.0,1.0,1.0,1.0,0.4787500074598938,1.0,0,0,0,True
fixed,hash_embedding,none,product,3,2,2,1.816600008169189,2,0.3333333333333333,1.0,1.0,1.0,0.4787500074598938,1.0,0,0,0,True
fixed,hash_embedding,none,product,5,2,2,1.816600008169189,2,0.2,1.0,1.0,1.0,0.4787500074598938,1.0,0,0,0,True
fixed,hash_embedding,none,product_and_version,1,2,2,1.816600008169189,2,1.0,1.0,1.0,1.0,0.4283500020392239,1.0,0,0,0,True
fixed,hash_embedding,none,product_and_version,3,2,2,1.816600008169189,2,0.3333333333333333,1.0,1.0,1.0,0.4283500020392239,1.0,0,0,0,True
fixed,hash_embedding,none,product_and_version,5,2,2,1.816600008169189,2,0.2,1.0,1.0,1.0,0.4283500020392239,1.0,0,0,0,True
fixed,hash_embedding,lexical,none,1,2,2,1.816600008169189,2,1.0,1.0,1.0,1.0,0.7102499803295359,1.0,0,0,0,True
fixed,hash_embedding,lexical,none,3,2,2,1.816600008169189,2,0.3333333333333333,1.0,1.0,1.0,0.7102499803295359,1.0,0,0,0,True
fixed,hash_embedding,lexical,none,5,2,2,1.816600008169189,2,0.2,1.0,1.0,1.0,0.7102499803295359,1.0,0,0,0,True
fixed,hash_embedding,lexical,product,1,2,2,1.816600008169189,2,1.0,1.0,1.0,1.0,0.5068500031484291,1.0,0,0,0,True
fixed,hash_embedding,lexical,product,3,2,2,1.816600008169189,2,0.3333333333333333,1.0,1.0,1.0,0.5068500031484291,1.0,0,0,0,True
fixed,hash_embedding,lexical,product,5,2,2,1.816600008169189,2,0.2,1.0,1.0,1.0,0.5068500031484291,1.0,0,0,0,True
fixed,hash_embedding,lexical,product_and_version,1,2,2,1.816600008169189,2,1.0,1.0,1.0,1.0,0.42490000487305224,1.0,0,0,0,True
fixed,hash_embedding,lexical,product_and_version,3,2,2,1.816600008169189,2,0.3333333333333333,1.0,1.0,1.0,0.42490000487305224,1.0,0,0,0,True
fixed,hash_embedding,lexical,product_and_version,5,2,2,1.816600008169189,2,0.2,1.0,1.0,1.0,0.42490000487305224,1.0,0,0,0,True
fixed,hybrid,none,none,1,2,2,1.6402000037487596,2,1.0,1.0,1.0,1.0,0.4636000085156411,1.0,0,0,0,True
fixed,hybrid,none,none,3,2,2,1.6402000037487596,2,0.3333333333333333,1.0,1.0,1.0,0.4636000085156411,1.0,0,0,0,True
fixed,hybrid,none,none,5,2,2,1.6402000037487596,2,0.2,1.0,1.0,1.0,0.4636000085156411,1.0,0,0,0,True
fixed,hybrid,none,product,1,2,2,1.6402000037487596,2,1.0,1.0,1.0,1.0,0.3056000132346526,1.0,0,0,0,True
fixed,hybrid,none,product,3,2,2,1.6402000037487596,2,0.3333333333333333,1.0,1.0,1.0,0.3056000132346526,1.0,0,0,0,True
fixed,hybrid,none,product,5,2,2,1.6402000037487596,2,0.2,1.0,1.0,1.0,0.3056000132346526,1.0,0,0,0,True
fixed,hybrid,none,product_and_version,1,2,2,1.6402000037487596,2,1.0,1.0,1.0,1.0,0.308599992422387,1.0,0,0,0,True
fixed,hybrid,none,product_and_version,3,2,2,1.6402000037487596,2,0.3333333333333333,1.0,1.0,1.0,0.308599992422387,1.0,0,0,0,True
fixed,hybrid,none,product_and_version,5,2,2,1.6402000037487596,2,0.2,1.0,1.0,1.0,0.308599992422387,1.0,0,0,0,True
fixed,hybrid,lexical,none,1,2,2,1.6402000037487596,2,1.0,1.0,1.0,1.0,0.702750010532327,1.0,0,0,0,True
fixed,hybrid,lexical,none,3,2,2,1.6402000037487596,2,0.3333333333333333,1.0,1.0,1.0,0.702750010532327,1.0,0,0,0,True
fixed,hybrid,lexical,none,5,2,2,1.6402000037487596,2,0.2,1.0,1.0,1.0,0.702750010532327,1.0,0,0,0,True
fixed,hybrid,lexical,product,1,2,2,1.6402000037487596,2,1.0,1.0,1.0,1.0,0.6933499971637502,1.0,0,0,0,True
fixed,hybrid,lexical,product,3,2,2,1.6402000037487596,2,0.3333333333333333,1.0,1.0,1.0,0.6933499971637502,1.0,0,0,0,True
fixed,hybrid,lexical,product,5,2,2,1.6402000037487596,2,0.2,1.0,1.0,1.0,0.6933499971637502,1.0,0,0,0,True
fixed,hybrid,lexical,product_and_version,1,2,2,1.6402000037487596,2,1.0,1.0,1.0,1.0,0.41939999209716916,1.0,0,0,0,True
fixed,hybrid,lexical,product_and_version,3,2,2,1.6402000037487596,2,0.3333333333333333,1.0,1.0,1.0,0.41939999209716916,1.0,0,0,0,True
fixed,hybrid,lexical,product_and_version,5,2,2,1.6402000037487596,2,0.2,1.0,1.0,1.0,0.41939999209716916,1.0,0,0,0,True
paragraph,keyword,none,none,1,2,8,0.305800000205636,2,1.0,1.0,1.0,1.0,0.1257499970961362,1.0,0,0,0,True
paragraph,keyword,none,none,3,2,8,0.305800000205636,2,0.3333333333333333,1.0,1.0,1.0,0.1257499970961362,1.0,0,0,0,True
paragraph,keyword,none,none,5,2,8,0.305800000205636,2,0.2,1.0,1.0,1.0,0.1257499970961362,1.0,0,0,0,True
paragraph,keyword,none,product,1,2,8,0.305800000205636,2,1.0,1.0,1.0,1.0,0.0931999966269359,1.0,0,0,0,True
paragraph,keyword,none,product,3,2,8,0.305800000205636,2,0.3333333333333333,1.0,1.0,1.0,0.0931999966269359,1.0,0,0,0,True
paragraph,keyword,none,product,5,2,8,0.305800000205636,2,0.2,1.0,1.0,1.0,0.0931999966269359,1.0,0,0,0,True
paragraph,keyword,none,product_and_version,1,2,8,0.305800000205636,2,1.0,1.0,1.0,1.0,0.08219998562708497,1.0,0,0,0,True
paragraph,keyword,none,product_and_version,3,2,8,0.305800000205636,2,0.3333333333333333,1.0,1.0,1.0,0.08219998562708497,1.0,0,0,0,True
paragraph,keyword,none,product_and_version,5,2,8,0.305800000205636,2,0.2,1.0,1.0,1.0,0.08219998562708497,1.0,0,0,0,True
paragraph,keyword,lexical,none,1,2,8,0.305800000205636,2,1.0,1.0,1.0,1.0,0.24795001081656665,1.0,0,0,0,True
paragraph,keyword,lexical,none,3,2,8,0.305800000205636,2,0.3333333333333333,1.0,1.0,1.0,0.24795001081656665,1.0,0,0,0,True
paragraph,keyword,lexical,none,5,2,8,0.305800000205636,2,0.2,1.0,1.0,1.0,0.24795001081656665,1.0,0,0,0,True
paragraph,keyword,lexical,product,1,2,8,0.305800000205636,2,1.0,1.0,1.0,1.0,0.2569000207586214,1.0,0,0,0,True
paragraph,keyword,lexical,product,3,2,8,0.305800000205636,2,0.3333333333333333,1.0,1.0,1.0,0.2569000207586214,1.0,0,0,0,True
paragraph,keyword,lexical,product,5,2,8,0.305800000205636,2,0.2,1.0,1.0,1.0,0.2569000207586214,1.0,0,0,0,True
paragraph,keyword,lexical,product_and_version,1,2,8,0.305800000205636,2,1.0,1.0,1.0,1.0,0.18784998974297196,1.0,0,0,0,True
paragraph,keyword,lexical,product_and_version,3,2,8,0.305800000205636,2,0.3333333333333333,1.0,1.0,1.0,0.18784998974297196,1.0,0,0,0,True
paragraph,keyword,lexical,product_and_version,5,2,8,0.305800000205636,2,0.2,1.0,1.0,1.0,0.18784998974297196,1.0,0,0,0,True
paragraph,bm25,none,none,1,2,8,0.4265999887138605,2,1.0,1.0,1.0,1.0,0.05649999366141856,1.0,0,0,0,True
paragraph,bm25,none,none,3,2,8,0.4265999887138605,2,0.3333333333333333,1.0,1.0,1.0,0.05649999366141856,1.0,0,0,0,True
paragraph,bm25,none,none,5,2,8,0.4265999887138605,2,0.2,1.0,1.0,1.0,0.05649999366141856,1.0,0,0,0,True
paragraph,bm25,none,product,1,2,8,0.4265999887138605,2,1.0,1.0,1.0,1.0,0.05295001028571278,1.0,0,0,0,True
paragraph,bm25,none,product,3,2,8,0.4265999887138605,2,0.3333333333333333,1.0,1.0,1.0,0.05295001028571278,1.0,0,0,0,True
paragraph,bm25,none,product,5,2,8,0.4265999887138605,2,0.2,1.0,1.0,1.0,0.05295001028571278,1.0,0,0,0,True
paragraph,bm25,none,product_and_version,1,2,8,0.4265999887138605,2,1.0,1.0,1.0,1.0,0.054549993365071714,1.0,0,0,0,True
paragraph,bm25,none,product_and_version,3,2,8,0.4265999887138605,2,0.3333333333333333,1.0,1.0,1.0,0.054549993365071714,1.0,0,0,0,True
paragraph,bm25,none,product_and_version,5,2,8,0.4265999887138605,2,0.2,1.0,1.0,1.0,0.054549993365071714,1.0,0,0,0,True
paragraph,bm25,lexical,none,1,2,8,0.4265999887138605,2,1.0,1.0,1.0,1.0,0.17734999710228294,1.0,0,0,0,True
paragraph,bm25,lexical,none,3,2,8,0.4265999887138605,2,0.3333333333333333,1.0,1.0,1.0,0.17734999710228294,1.0,0,0,0,True
paragraph,bm25,lexical,none,5,2,8,0.4265999887138605,2,0.2,1.0,1.0,1.0,0.17734999710228294,1.0,0,0,0,True
paragraph,bm25,lexical,product,1,2,8,0.4265999887138605,2,1.0,1.0,1.0,1.0,0.16275000234600157,1.0,0,0,0,True
paragraph,bm25,lexical,product,3,2,8,0.4265999887138605,2,0.3333333333333333,1.0,1.0,1.0,0.16275000234600157,1.0,0,0,0,True
paragraph,bm25,lexical,product,5,2,8,0.4265999887138605,2,0.2,1.0,1.0,1.0,0.16275000234600157,1.0,0,0,0,True
paragraph,bm25,lexical,product_and_version,1,2,8,0.4265999887138605,2,1.0,1.0,1.0,1.0,0.16245001461356878,1.0,0,0,0,True
paragraph,bm25,lexical,product_and_version,3,2,8,0.4265999887138605,2,0.3333333333333333,1.0,1.0,1.0,0.16245001461356878,1.0,0,0,0,True
paragraph,bm25,lexical,product_and_version,5,2,8,0.4265999887138605,2,0.2,1.0,1.0,1.0,0.16245001461356878,1.0,0,0,0,True
paragraph,hash_embedding,none,none,1,2,8,1.4477000222541392,2,1.0,1.0,1.0,1.0,0.37695000355597585,1.0,0,0,0,True
paragraph,hash_embedding,none,none,3,2,8,1.4477000222541392,2,0.3333333333333333,1.0,1.0,1.0,0.37695000355597585,1.0,0,2,2,False
paragraph,hash_embedding,none,none,5,2,8,1.4477000222541392,2,0.2,1.0,1.0,1.0,0.37695000355597585,1.0,0,2,2,False
paragraph,hash_embedding,none,product,1,2,8,1.4477000222541392,2,1.0,1.0,1.0,1.0,0.2469000028213486,1.0,0,0,0,True
paragraph,hash_embedding,none,product,3,2,8,1.4477000222541392,2,0.3333333333333333,1.0,1.0,1.0,0.2469000028213486,1.0,0,0,0,True
paragraph,hash_embedding,none,product,5,2,8,1.4477000222541392,2,0.2,1.0,1.0,1.0,0.2469000028213486,1.0,0,0,0,True
paragraph,hash_embedding,none,product_and_version,1,2,8,1.4477000222541392,2,1.0,1.0,1.0,1.0,0.2536999963922426,1.0,0,0,0,True
paragraph,hash_embedding,none,product_and_version,3,2,8,1.4477000222541392,2,0.3333333333333333,1.0,1.0,1.0,0.2536999963922426,1.0,0,0,0,True
paragraph,hash_embedding,none,product_and_version,5,2,8,1.4477000222541392,2,0.2,1.0,1.0,1.0,0.2536999963922426,1.0,0,0,0,True
paragraph,hash_embedding,lexical,none,1,2,8,1.4477000222541392,2,1.0,1.0,1.0,1.0,0.5548499757423997,1.0,0,0,0,True
paragraph,hash_embedding,lexical,none,3,2,8,1.4477000222541392,2,0.3333333333333333,1.0,1.0,1.0,0.5548499757423997,1.0,0,2,2,False
paragraph,hash_embedding,lexical,none,5,2,8,1.4477000222541392,2,0.2,1.0,1.0,1.0,0.5548499757423997,1.0,0,2,2,False
paragraph,hash_embedding,lexical,product,1,2,8,1.4477000222541392,2,1.0,1.0,1.0,1.0,0.3774499928113073,1.0,0,0,0,True
paragraph,hash_embedding,lexical,product,3,2,8,1.4477000222541392,2,0.3333333333333333,1.0,1.0,1.0,0.3774499928113073,1.0,0,0,0,True
paragraph,hash_embedding,lexical,product,5,2,8,1.4477000222541392,2,0.2,1.0,1.0,1.0,0.3774499928113073,1.0,0,0,0,True
paragraph,hash_embedding,lexical,product_and_version,1,2,8,1.4477000222541392,2,1.0,1.0,1.0,1.0,0.3737500082934275,1.0,0,0,0,True
paragraph,hash_embedding,lexical,product_and_version,3,2,8,1.4477000222541392,2,0.3333333333333333,1.0,1.0,1.0,0.3737500082934275,1.0,0,0,0,True
paragraph,hash_embedding,lexical,product_and_version,5,2,8,1.4477000222541392,2,0.2,1.0,1.0,1.0,0.3737500082934275,1.0,0,0,0,True
paragraph,hybrid,none,none,1,2,8,2.4024999875109643,2,1.0,1.0,1.0,1.0,0.718699986464344,1.0,0,0,0,True
paragraph,hybrid,none,none,3,2,8,2.4024999875109643,2,0.3333333333333333,1.0,1.0,1.0,0.718699986464344,1.0,0,2,2,False
paragraph,hybrid,none,none,5,2,8,2.4024999875109643,2,0.2,1.0,1.0,1.0,0.718699986464344,1.0,0,2,2,False
paragraph,hybrid,none,product,1,2,8,2.4024999875109643,2,1.0,1.0,1.0,1.0,0.5001999816158786,1.0,0,0,0,True
paragraph,hybrid,none,product,3,2,8,2.4024999875109643,2,0.3333333333333333,1.0,1.0,1.0,0.5001999816158786,1.0,0,0,0,True
paragraph,hybrid,none,product,5,2,8,2.4024999875109643,2,0.2,1.0,1.0,1.0,0.5001999816158786,1.0,0,0,0,True
paragraph,hybrid,none,product_and_version,1,2,8,2.4024999875109643,2,1.0,1.0,1.0,1.0,0.3083000046899542,1.0,0,0,0,True
paragraph,hybrid,none,product_and_version,3,2,8,2.4024999875109643,2,0.3333333333333333,1.0,1.0,1.0,0.3083000046899542,1.0,0,0,0,True
paragraph,hybrid,none,product_and_version,5,2,8,2.4024999875109643,2,0.2,1.0,1.0,1.0,0.3083000046899542,1.0,0,0,0,True
paragraph,hybrid,lexical,none,1,2,8,2.4024999875109643,2,1.0,1.0,1.0,1.0,0.6169500120449811,1.0,0,0,0,True
paragraph,hybrid,lexical,none,3,2,8,2.4024999875109643,2,0.3333333333333333,1.0,1.0,1.0,0.6169500120449811,1.0,0,2,2,False
paragraph,hybrid,lexical,none,5,2,8,2.4024999875109643,2,0.2,1.0,1.0,1.0,0.6169500120449811,1.0,0,2,2,False
paragraph,hybrid,lexical,product,1,2,8,2.4024999875109643,2,1.0,1.0,1.0,1.0,0.4150999884586781,1.0,0,0,0,True
paragraph,hybrid,lexical,product,3,2,8,2.4024999875109643,2,0.3333333333333333,1.0,1.0,1.0,0.4150999884586781,1.0,0,0,0,True
paragraph,hybrid,lexical,product,5,2,8,2.4024999875109643,2,0.2,1.0,1.0,1.0,0.4150999884586781,1.0,0,0,0,True
paragraph,hybrid,lexical,product_and_version,1,2,8,2.4024999875109643,2,1.0,1.0,1.0,1.0,0.39534998359158635,1.0,0,0,0,True
paragraph,hybrid,lexical,product_and_version,3,2,8,2.4024999875109643,2,0.3333333333333333,1.0,1.0,1.0,0.39534998359158635,1.0,0,0,0,True
paragraph,hybrid,lexical,product_and_version,5,2,8,2.4024999875109643,2,0.2,1.0,1.0,1.0,0.39534998359158635,1.0,0,0,0,True
heading,keyword,none,none,1,2,8,0.2843000111170113,2,1.0,1.0,1.0,1.0,0.09449999197386205,1.0,0,0,0,True
heading,keyword,none,none,3,2,8,0.2843000111170113,2,0.3333333333333333,1.0,1.0,1.0,0.09449999197386205,1.0,0,0,0,True
heading,keyword,none,none,5,2,8,0.2843000111170113,2,0.2,1.0,1.0,1.0,0.09449999197386205,1.0,0,0,0,True
heading,keyword,none,product,1,2,8,0.2843000111170113,2,1.0,1.0,1.0,1.0,0.07794999692123383,1.0,0,0,0,True
heading,keyword,none,product,3,2,8,0.2843000111170113,2,0.3333333333333333,1.0,1.0,1.0,0.07794999692123383,1.0,0,0,0,True
heading,keyword,none,product,5,2,8,0.2843000111170113,2,0.2,1.0,1.0,1.0,0.07794999692123383,1.0,0,0,0,True
heading,keyword,none,product_and_version,1,2,8,0.2843000111170113,2,1.0,1.0,1.0,1.0,0.10000001930166036,1.0,0,0,0,True
heading,keyword,none,product_and_version,3,2,8,0.2843000111170113,2,0.3333333333333333,1.0,1.0,1.0,0.10000001930166036,1.0,0,0,0,True
heading,keyword,none,product_and_version,5,2,8,0.2843000111170113,2,0.2,1.0,1.0,1.0,0.10000001930166036,1.0,0,0,0,True
heading,keyword,lexical,none,1,2,8,0.2843000111170113,2,1.0,1.0,1.0,1.0,0.16850000247359276,1.0,0,0,0,True
heading,keyword,lexical,none,3,2,8,0.2843000111170113,2,0.3333333333333333,1.0,1.0,1.0,0.16850000247359276,1.0,0,0,0,True
heading,keyword,lexical,none,5,2,8,0.2843000111170113,2,0.2,1.0,1.0,1.0,0.16850000247359276,1.0,0,0,0,True
heading,keyword,lexical,product,1,2,8,0.2843000111170113,2,1.0,1.0,1.0,1.0,0.20935000793542713,1.0,0,0,0,True
heading,keyword,lexical,product,3,2,8,0.2843000111170113,2,0.3333333333333333,1.0,1.0,1.0,0.20935000793542713,1.0,0,0,0,True
heading,keyword,lexical,product,5,2,8,0.2843000111170113,2,0.2,1.0,1.0,1.0,0.20935000793542713,1.0,0,0,0,True
heading,keyword,lexical,product_and_version,1,2,8,0.2843000111170113,2,1.0,1.0,1.0,1.0,0.14884999836795032,1.0,0,0,0,True
heading,keyword,lexical,product_and_version,3,2,8,0.2843000111170113,2,0.3333333333333333,1.0,1.0,1.0,0.14884999836795032,1.0,0,0,0,True
heading,keyword,lexical,product_and_version,5,2,8,0.2843000111170113,2,0.2,1.0,1.0,1.0,0.14884999836795032,1.0,0,0,0,True
heading,bm25,none,none,1,2,8,0.3858999989461154,2,1.0,1.0,1.0,1.0,0.05050000618211925,1.0,0,0,0,True
heading,bm25,none,none,3,2,8,0.3858999989461154,2,0.3333333333333333,1.0,1.0,1.0,0.05050000618211925,1.0,0,0,0,True
heading,bm25,none,none,5,2,8,0.3858999989461154,2,0.2,1.0,1.0,1.0,0.05050000618211925,1.0,0,0,0,True
heading,bm25,none,product,1,2,8,0.3858999989461154,2,1.0,1.0,1.0,1.0,0.04605000140145421,1.0,0,0,0,True
heading,bm25,none,product,3,2,8,0.3858999989461154,2,0.3333333333333333,1.0,1.0,1.0,0.04605000140145421,1.0,0,0,0,True
heading,bm25,none,product,5,2,8,0.3858999989461154,2,0.2,1.0,1.0,1.0,0.04605000140145421,1.0,0,0,0,True
heading,bm25,none,product_and_version,1,2,8,0.3858999989461154,2,1.0,1.0,1.0,1.0,0.0415499962400645,1.0,0,0,0,True
heading,bm25,none,product_and_version,3,2,8,0.3858999989461154,2,0.3333333333333333,1.0,1.0,1.0,0.0415499962400645,1.0,0,0,0,True
heading,bm25,none,product_and_version,5,2,8,0.3858999989461154,2,0.2,1.0,1.0,1.0,0.0415499962400645,1.0,0,0,0,True
heading,bm25,lexical,none,1,2,8,0.3858999989461154,2,1.0,1.0,1.0,1.0,0.13760000001639128,1.0,0,0,0,True
heading,bm25,lexical,none,3,2,8,0.3858999989461154,2,0.3333333333333333,1.0,1.0,1.0,0.13760000001639128,1.0,0,0,0,True
heading,bm25,lexical,none,5,2,8,0.3858999989461154,2,0.2,1.0,1.0,1.0,0.13760000001639128,1.0,0,0,0,True
heading,bm25,lexical,product,1,2,8,0.3858999989461154,2,1.0,1.0,1.0,1.0,0.1295500114792958,1.0,0,0,0,True
heading,bm25,lexical,product,3,2,8,0.3858999989461154,2,0.3333333333333333,1.0,1.0,1.0,0.1295500114792958,1.0,0,0,0,True
heading,bm25,lexical,product,5,2,8,0.3858999989461154,2,0.2,1.0,1.0,1.0,0.1295500114792958,1.0,0,0,0,True
heading,bm25,lexical,product_and_version,1,2,8,0.3858999989461154,2,1.0,1.0,1.0,1.0,0.13240000407677144,1.0,0,0,0,True
heading,bm25,lexical,product_and_version,3,2,8,0.3858999989461154,2,0.3333333333333333,1.0,1.0,1.0,0.13240000407677144,1.0,0,0,0,True
heading,bm25,lexical,product_and_version,5,2,8,0.3858999989461154,2,0.2,1.0,1.0,1.0,0.13240000407677144,1.0,0,0,0,True
heading,hash_embedding,none,none,1,2,8,1.0583999974187464,2,1.0,1.0,1.0,1.0,0.30020001577213407,1.0,0,0,0,True
heading,hash_embedding,none,none,3,2,8,1.0583999974187464,2,0.3333333333333333,1.0,1.0,1.0,0.30020001577213407,1.0,0,2,2,False
heading,hash_embedding,none,none,5,2,8,1.0583999974187464,2,0.2,1.0,1.0,1.0,0.30020001577213407,1.0,0,2,2,False
heading,hash_embedding,none,product,1,2,8,1.0583999974187464,2,1.0,1.0,1.0,1.0,0.20009999570902437,1.0,0,0,0,True
heading,hash_embedding,none,product,3,2,8,1.0583999974187464,2,0.3333333333333333,1.0,1.0,1.0,0.20009999570902437,1.0,0,0,0,True
heading,hash_embedding,none,product,5,2,8,1.0583999974187464,2,0.2,1.0,1.0,1.0,0.20009999570902437,1.0,0,0,0,True
heading,hash_embedding,none,product_and_version,1,2,8,1.0583999974187464,2,1.0,1.0,1.0,1.0,0.20939999376423657,1.0,0,0,0,True
heading,hash_embedding,none,product_and_version,3,2,8,1.0583999974187464,2,0.3333333333333333,1.0,1.0,1.0,0.20939999376423657,1.0,0,0,0,True
heading,hash_embedding,none,product_and_version,5,2,8,1.0583999974187464,2,0.2,1.0,1.0,1.0,0.20939999376423657,1.0,0,0,0,True
heading,hash_embedding,lexical,none,1,2,8,1.0583999974187464,2,1.0,1.0,1.0,1.0,0.49724998825695366,1.0,0,0,0,True
heading,hash_embedding,lexical,none,3,2,8,1.0583999974187464,2,0.3333333333333333,1.0,1.0,1.0,0.49724998825695366,1.0,0,2,2,False
heading,hash_embedding,lexical,none,5,2,8,1.0583999974187464,2,0.2,1.0,1.0,1.0,0.49724998825695366,1.0,0,2,2,False
heading,hash_embedding,lexical,product,1,2,8,1.0583999974187464,2,1.0,1.0,1.0,1.0,0.4686500033130869,1.0,0,0,0,True
heading,hash_embedding,lexical,product,3,2,8,1.0583999974187464,2,0.3333333333333333,1.0,1.0,1.0,0.4686500033130869,1.0,0,0,0,True
heading,hash_embedding,lexical,product,5,2,8,1.0583999974187464,2,0.2,1.0,1.0,1.0,0.4686500033130869,1.0,0,0,0,True
heading,hash_embedding,lexical,product_and_version,1,2,8,1.0583999974187464,2,1.0,1.0,1.0,1.0,0.5843499966431409,1.0,0,0,0,True
heading,hash_embedding,lexical,product_and_version,3,2,8,1.0583999974187464,2,0.3333333333333333,1.0,1.0,1.0,0.5843499966431409,1.0,0,0,0,True
heading,hash_embedding,lexical,product_and_version,5,2,8,1.0583999974187464,2,0.2,1.0,1.0,1.0,0.5843499966431409,1.0,0,0,0,True
heading,hybrid,none,none,1,2,8,1.8275000038556755,2,1.0,1.0,1.0,1.0,0.6619499908993021,1.0,0,0,0,True
heading,hybrid,none,none,3,2,8,1.8275000038556755,2,0.3333333333333333,1.0,1.0,1.0,0.6619499908993021,1.0,0,2,2,False
heading,hybrid,none,none,5,2,8,1.8275000038556755,2,0.2,1.0,1.0,1.0,0.6619499908993021,1.0,0,2,2,False
heading,hybrid,none,product,1,2,8,1.8275000038556755,2,1.0,1.0,1.0,1.0,0.48600000445730984,1.0,0,0,0,True
heading,hybrid,none,product,3,2,8,1.8275000038556755,2,0.3333333333333333,1.0,1.0,1.0,0.48600000445730984,1.0,0,0,0,True
heading,hybrid,none,product,5,2,8,1.8275000038556755,2,0.2,1.0,1.0,1.0,0.48600000445730984,1.0,0,0,0,True
heading,hybrid,none,product_and_version,1,2,8,1.8275000038556755,2,1.0,1.0,1.0,1.0,0.4415500006871298,1.0,0,0,0,True
heading,hybrid,none,product_and_version,3,2,8,1.8275000038556755,2,0.3333333333333333,1.0,1.0,1.0,0.4415500006871298,1.0,0,0,0,True
heading,hybrid,none,product_and_version,5,2,8,1.8275000038556755,2,0.2,1.0,1.0,1.0,0.4415500006871298,1.0,0,0,0,True
heading,hybrid,lexical,none,1,2,8,1.8275000038556755,2,1.0,1.0,1.0,1.0,0.6922000029589981,1.0,0,0,0,True
heading,hybrid,lexical,none,3,2,8,1.8275000038556755,2,0.3333333333333333,1.0,1.0,1.0,0.6922000029589981,1.0,0,2,2,False
heading,hybrid,lexical,none,5,2,8,1.8275000038556755,2,0.2,1.0,1.0,1.0,0.6922000029589981,1.0,0,2,2,False
heading,hybrid,lexical,product,1,2,8,1.8275000038556755,2,1.0,1.0,1.0,1.0,0.3931500104954466,1.0,0,0,0,True
heading,hybrid,lexical,product,3,2,8,1.8275000038556755,2,0.3333333333333333,1.0,1.0,1.0,0.3931500104954466,1.0,0,0,0,True
heading,hybrid,lexical,product,5,2,8,1.8275000038556755,2,0.2,1.0,1.0,1.0,0.3931500104954466,1.0,0,0,0,True
heading,hybrid,lexical,product_and_version,1,2,8,1.8275000038556755,2,1.0,1.0,1.0,1.0,0.4102000093553215,1.0,0,0,0,True
heading,hybrid,lexical,product_and_version,3,2,8,1.8275000038556755,2,0.3333333333333333,1.0,1.0,1.0,0.4102000093553215,1.0,0,0,0,True
heading,hybrid,lexical,product_and_version,5,2,8,1.8275000038556755,2,0.2,1.0,1.0,1.0,0.4102000093553215,1.0,0,0,0,True
structured,keyword,none,none,1,2,6,0.3957000153604895,2,1.0,1.0,1.0,1.0,0.1017500035231933,1.0,0,0,0,True
structured,keyword,none,none,3,2,6,0.3957000153604895,2,0.3333333333333333,1.0,1.0,1.0,0.1017500035231933,1.0,0,0,0,True
structured,keyword,none,none,5,2,6,0.3957000153604895,2,0.2,1.0,1.0,1.0,0.1017500035231933,1.0,0,0,0,True
structured,keyword,none,product,1,2,6,0.3957000153604895,2,1.0,1.0,1.0,1.0,0.07110000296961516,1.0,0,0,0,True
structured,keyword,none,product,3,2,6,0.3957000153604895,2,0.3333333333333333,1.0,1.0,1.0,0.07110000296961516,1.0,0,0,0,True
structured,keyword,none,product,5,2,6,0.3957000153604895,2,0.2,1.0,1.0,1.0,0.07110000296961516,1.0,0,0,0,True
structured,keyword,none,product_and_version,1,2,6,0.3957000153604895,2,1.0,1.0,1.0,1.0,0.05280000914353877,1.0,0,0,0,True
structured,keyword,none,product_and_version,3,2,6,0.3957000153604895,2,0.3333333333333333,1.0,1.0,1.0,0.05280000914353877,1.0,0,0,0,True
structured,keyword,none,product_and_version,5,2,6,0.3957000153604895,2,0.2,1.0,1.0,1.0,0.05280000914353877,1.0,0,0,0,True
structured,keyword,lexical,none,1,2,6,0.3957000153604895,2,1.0,1.0,1.0,1.0,0.14745000225957483,1.0,0,0,0,True
structured,keyword,lexical,none,3,2,6,0.3957000153604895,2,0.3333333333333333,1.0,1.0,1.0,0.14745000225957483,1.0,0,0,0,True
structured,keyword,lexical,none,5,2,6,0.3957000153604895,2,0.2,1.0,1.0,1.0,0.14745000225957483,1.0,0,0,0,True
structured,keyword,lexical,product,1,2,6,0.3957000153604895,2,1.0,1.0,1.0,1.0,0.14340000052470714,1.0,0,0,0,True
structured,keyword,lexical,product,3,2,6,0.3957000153604895,2,0.3333333333333333,1.0,1.0,1.0,0.14340000052470714,1.0,0,0,0,True
structured,keyword,lexical,product,5,2,6,0.3957000153604895,2,0.2,1.0,1.0,1.0,0.14340000052470714,1.0,0,0,0,True
structured,keyword,lexical,product_and_version,1,2,6,0.3957000153604895,2,1.0,1.0,1.0,1.0,0.1911999861476943,1.0,0,0,0,True
structured,keyword,lexical,product_and_version,3,2,6,0.3957000153604895,2,0.3333333333333333,1.0,1.0,1.0,0.1911999861476943,1.0,0,0,0,True
structured,keyword,lexical,product_and_version,5,2,6,0.3957000153604895,2,0.2,1.0,1.0,1.0,0.1911999861476943,1.0,0,0,0,True
structured,bm25,none,none,1,2,6,0.4650999908335507,2,1.0,1.0,1.0,1.0,0.058950012316927314,1.0,0,0,0,True
structured,bm25,none,none,3,2,6,0.4650999908335507,2,0.3333333333333333,1.0,1.0,1.0,0.058950012316927314,1.0,0,0,0,True
structured,bm25,none,none,5,2,6,0.4650999908335507,2,0.2,1.0,1.0,1.0,0.058950012316927314,1.0,0,0,0,True
structured,bm25,none,product,1,2,6,0.4650999908335507,2,1.0,1.0,1.0,1.0,0.05914999928791076,1.0,0,0,0,True
structured,bm25,none,product,3,2,6,0.4650999908335507,2,0.3333333333333333,1.0,1.0,1.0,0.05914999928791076,1.0,0,0,0,True
structured,bm25,none,product,5,2,6,0.4650999908335507,2,0.2,1.0,1.0,1.0,0.05914999928791076,1.0,0,0,0,True
structured,bm25,none,product_and_version,1,2,6,0.4650999908335507,2,1.0,1.0,1.0,1.0,0.05539999983739108,1.0,0,0,0,True
structured,bm25,none,product_and_version,3,2,6,0.4650999908335507,2,0.3333333333333333,1.0,1.0,1.0,0.05539999983739108,1.0,0,0,0,True
structured,bm25,none,product_and_version,5,2,6,0.4650999908335507,2,0.2,1.0,1.0,1.0,0.05539999983739108,1.0,0,0,0,True
structured,bm25,lexical,none,1,2,6,0.4650999908335507,2,1.0,1.0,1.0,1.0,0.16539999342057854,1.0,0,0,0,True
structured,bm25,lexical,none,3,2,6,0.4650999908335507,2,0.3333333333333333,1.0,1.0,1.0,0.16539999342057854,1.0,0,0,0,True
structured,bm25,lexical,none,5,2,6,0.4650999908335507,2,0.2,1.0,1.0,1.0,0.16539999342057854,1.0,0,0,0,True
structured,bm25,lexical,product,1,2,6,0.4650999908335507,2,1.0,1.0,1.0,1.0,0.16334999236278236,1.0,0,0,0,True
structured,bm25,lexical,product,3,2,6,0.4650999908335507,2,0.3333333333333333,1.0,1.0,1.0,0.16334999236278236,1.0,0,0,0,True
structured,bm25,lexical,product,5,2,6,0.4650999908335507,2,0.2,1.0,1.0,1.0,0.16334999236278236,1.0,0,0,0,True
structured,bm25,lexical,product_and_version,1,2,6,0.4650999908335507,2,1.0,1.0,1.0,1.0,0.1646499877097085,1.0,0,0,0,True
structured,bm25,lexical,product_and_version,3,2,6,0.4650999908335507,2,0.3333333333333333,1.0,1.0,1.0,0.1646499877097085,1.0,0,0,0,True
structured,bm25,lexical,product_and_version,5,2,6,0.4650999908335507,2,0.2,1.0,1.0,1.0,0.1646499877097085,1.0,0,0,0,True
structured,hash_embedding,none,none,1,2,6,2.7908999763894826,2,1.0,1.0,1.0,1.0,0.8894000056898221,1.0,0,0,0,True
structured,hash_embedding,none,none,3,2,6,2.7908999763894826,2,0.3333333333333333,1.0,1.0,1.0,0.8894000056898221,1.0,0,2,2,False
structured,hash_embedding,none,none,5,2,6,2.7908999763894826,2,0.2,1.0,1.0,1.0,0.8894000056898221,1.0,0,2,2,False
structured,hash_embedding,none,product,1,2,6,2.7908999763894826,2,1.0,1.0,1.0,1.0,0.567900002351962,1.0,0,0,0,True
structured,hash_embedding,none,product,3,2,6,2.7908999763894826,2,0.3333333333333333,1.0,1.0,1.0,0.567900002351962,1.0,0,0,0,True
structured,hash_embedding,none,product,5,2,6,2.7908999763894826,2,0.2,1.0,1.0,1.0,0.567900002351962,1.0,0,0,0,True
structured,hash_embedding,none,product_and_version,1,2,6,2.7908999763894826,2,1.0,1.0,1.0,1.0,0.4391000111354515,1.0,0,0,0,True
structured,hash_embedding,none,product_and_version,3,2,6,2.7908999763894826,2,0.3333333333333333,1.0,1.0,1.0,0.4391000111354515,1.0,0,0,0,True
structured,hash_embedding,none,product_and_version,5,2,6,2.7908999763894826,2,0.2,1.0,1.0,1.0,0.4391000111354515,1.0,0,0,0,True
structured,hash_embedding,lexical,none,1,2,6,2.7908999763894826,2,1.0,1.0,1.0,1.0,0.6522500043502077,1.0,0,0,0,True
structured,hash_embedding,lexical,none,3,2,6,2.7908999763894826,2,0.3333333333333333,1.0,1.0,1.0,0.6522500043502077,1.0,0,2,2,False
structured,hash_embedding,lexical,none,5,2,6,2.7908999763894826,2,0.2,1.0,1.0,1.0,0.6522500043502077,1.0,0,2,2,False
structured,hash_embedding,lexical,product,1,2,6,2.7908999763894826,2,1.0,1.0,1.0,1.0,0.3921000025002286,1.0,0,0,0,True
structured,hash_embedding,lexical,product,3,2,6,2.7908999763894826,2,0.3333333333333333,1.0,1.0,1.0,0.3921000025002286,1.0,0,0,0,True
structured,hash_embedding,lexical,product,5,2,6,2.7908999763894826,2,0.2,1.0,1.0,1.0,0.3921000025002286,1.0,0,0,0,True
structured,hash_embedding,lexical,product_and_version,1,2,6,2.7908999763894826,2,1.0,1.0,1.0,1.0,0.38720000884495676,1.0,0,0,0,True
structured,hash_embedding,lexical,product_and_version,3,2,6,2.7908999763894826,2,0.3333333333333333,1.0,1.0,1.0,0.38720000884495676,1.0,0,0,0,True
structured,hash_embedding,lexical,product_and_version,5,2,6,2.7908999763894826,2,0.2,1.0,1.0,1.0,0.38720000884495676,1.0,0,0,0,True
structured,hybrid,none,none,1,2,6,2.237899985630065,2,1.0,1.0,1.0,1.0,0.4787500074598938,1.0,0,0,0,True
structured,hybrid,none,none,3,2,6,2.237899985630065,2,0.3333333333333333,1.0,1.0,1.0,0.4787500074598938,1.0,0,2,2,False
structured,hybrid,none,none,5,2,6,2.237899985630065,2,0.2,1.0,1.0,1.0,0.4787500074598938,1.0,0,2,2,False
structured,hybrid,none,product,1,2,6,2.237899985630065,2,1.0,1.0,1.0,1.0,0.3134500002488494,1.0,0,0,0,True
structured,hybrid,none,product,3,2,6,2.237899985630065,2,0.3333333333333333,1.0,1.0,1.0,0.3134500002488494,1.0,0,0,0,True
structured,hybrid,none,product,5,2,6,2.237899985630065,2,0.2,1.0,1.0,1.0,0.3134500002488494,1.0,0,0,0,True
structured,hybrid,none,product_and_version,1,2,6,2.237899985630065,2,1.0,1.0,1.0,1.0,0.33819999953266233,1.0,0,0,0,True
structured,hybrid,none,product_and_version,3,2,6,2.237899985630065,2,0.3333333333333333,1.0,1.0,1.0,0.33819999953266233,1.0,0,0,0,True
structured,hybrid,none,product_and_version,5,2,6,2.237899985630065,2,0.2,1.0,1.0,1.0,0.33819999953266233,1.0,0,0,0,True
structured,hybrid,lexical,none,1,2,6,2.237899985630065,2,1.0,1.0,1.0,1.0,0.5951000057393685,1.0,0,0,0,True
structured,hybrid,lexical,none,3,2,6,2.237899985630065,2,0.3333333333333333,1.0,1.0,1.0,0.5951000057393685,1.0,0,2,2,False
structured,hybrid,lexical,none,5,2,6,2.237899985630065,2,0.2,1.0,1.0,1.0,0.5951000057393685,1.0,0,2,2,False
structured,hybrid,lexical,product,1,2,6,2.237899985630065,2,1.0,1.0,1.0,1.0,0.4169999883743003,1.0,0,0,0,True
structured,hybrid,lexical,product,3,2,6,2.237899985630065,2,0.3333333333333333,1.0,1.0,1.0,0.4169999883743003,1.0,0,0,0,True
structured,hybrid,lexical,product,5,2,6,2.237899985630065,2,0.2,1.0,1.0,1.0,0.4169999883743003,1.0,0,0,0,True
structured,hybrid,lexical,product_and_version,1,2,6,2.237899985630065,2,1.0,1.0,1.0,1.0,0.4215499939164147,1.0,0,0,0,True
structured,hybrid,lexical,product_and_version,3,2,6,2.237899985630065,2,0.3333333333333333,1.0,1.0,1.0,0.4215499939164147,1.0,0,0,0,True
structured,hybrid,lexical,product_and_version,5,2,6,2.237899985630065,2,0.2,1.0,1.0,1.0,0.4215499939164147,1.0,0,0,0,True
