chunk_strategy,search_method,filter_mode,top_k,document_count,chunk_count,index_build_time_ms,query_count,mean_precision_at_k,mean_recall_at_k,mrr,mean_ndcg_at_k,mean_search_time_ms,product_confusion_count,version_mismatch_count
fixed,keyword,none,1,2,2,0.2518999972380698,2,1.0,1.0,1.0,1.0,0.07714999082963914,0,0
fixed,keyword,none,3,2,2,0.2518999972380698,2,0.3333333333333333,1.0,1.0,1.0,0.07714999082963914,0,0
fixed,keyword,none,5,2,2,0.2518999972380698,2,0.2,1.0,1.0,1.0,0.07714999082963914,0,0
fixed,keyword,product,1,2,2,0.2518999972380698,2,1.0,1.0,1.0,1.0,0.0481999886687845,0,0
fixed,keyword,product,3,2,2,0.2518999972380698,2,0.3333333333333333,1.0,1.0,1.0,0.0481999886687845,0,0
fixed,keyword,product,5,2,2,0.2518999972380698,2,0.2,1.0,1.0,1.0,0.0481999886687845,0,0
fixed,keyword,product_and_version,1,2,2,0.2518999972380698,2,1.0,1.0,1.0,1.0,0.03890000516548753,0,0
fixed,keyword,product_and_version,3,2,2,0.2518999972380698,2,0.3333333333333333,1.0,1.0,1.0,0.03890000516548753,0,0
fixed,keyword,product_and_version,5,2,2,0.2518999972380698,2,0.2,1.0,1.0,1.0,0.03890000516548753,0,0
fixed,bm25,none,1,2,2,0.3354000218678266,2,1.0,1.0,1.0,1.0,0.03914999251719564,0,0
fixed,bm25,none,3,2,2,0.3354000218678266,2,0.3333333333333333,1.0,1.0,1.0,0.03914999251719564,0,0
fixed,bm25,none,5,2,2,0.3354000218678266,2,0.2,1.0,1.0,1.0,0.03914999251719564,0,0
fixed,bm25,product,1,2,2,0.3354000218678266,2,1.0,1.0,1.0,1.0,0.027550006052479148,0,0
fixed,bm25,product,3,2,2,0.3354000218678266,2,0.3333333333333333,1.0,1.0,1.0,0.027550006052479148,0,0
fixed,bm25,product,5,2,2,0.3354000218678266,2,0.2,1.0,1.0,1.0,0.027550006052479148,0,0
fixed,bm25,product_and_version,1,2,2,0.3354000218678266,2,1.0,1.0,1.0,1.0,0.030800001695752144,0,0
fixed,bm25,product_and_version,3,2,2,0.3354000218678266,2,0.3333333333333333,1.0,1.0,1.0,0.030800001695752144,0,0
fixed,bm25,product_and_version,5,2,2,0.3354000218678266,2,0.2,1.0,1.0,1.0,0.030800001695752144,0,0
paragraph,keyword,none,1,2,8,0.3522000042721629,2,1.0,1.0,1.0,1.0,0.08599998545832932,0,0
paragraph,keyword,none,3,2,8,0.3522000042721629,2,0.3333333333333333,1.0,1.0,1.0,0.08599998545832932,0,0
paragraph,keyword,none,5,2,8,0.3522000042721629,2,0.2,1.0,1.0,1.0,0.08599998545832932,0,0
paragraph,keyword,product,1,2,8,0.3522000042721629,2,1.0,1.0,1.0,1.0,0.11310000263620168,0,0
paragraph,keyword,product,3,2,8,0.3522000042721629,2,0.3333333333333333,1.0,1.0,1.0,0.11310000263620168,0,0
paragraph,keyword,product,5,2,8,0.3522000042721629,2,0.2,1.0,1.0,1.0,0.11310000263620168,0,0
paragraph,keyword,product_and_version,1,2,8,0.3522000042721629,2,1.0,1.0,1.0,1.0,0.08535000961273909,0,0
paragraph,keyword,product_and_version,3,2,8,0.3522000042721629,2,0.3333333333333333,1.0,1.0,1.0,0.08535000961273909,0,0
paragraph,keyword,product_and_version,5,2,8,0.3522000042721629,2,0.2,1.0,1.0,1.0,0.08535000961273909,0,0
paragraph,bm25,none,1,2,8,0.7498000049963593,2,1.0,1.0,1.0,1.0,0.07429999823216349,0,0
paragraph,bm25,none,3,2,8,0.7498000049963593,2,0.3333333333333333,1.0,1.0,1.0,0.07429999823216349,0,0
paragraph,bm25,none,5,2,8,0.7498000049963593,2,0.2,1.0,1.0,1.0,0.07429999823216349,0,0
paragraph,bm25,product,1,2,8,0.7498000049963593,2,1.0,1.0,1.0,1.0,0.03885000478476286,0,0
paragraph,bm25,product,3,2,8,0.7498000049963593,2,0.3333333333333333,1.0,1.0,1.0,0.03885000478476286,0,0
paragraph,bm25,product,5,2,8,0.7498000049963593,2,0.2,1.0,1.0,1.0,0.03885000478476286,0,0
paragraph,bm25,product_and_version,1,2,8,0.7498000049963593,2,1.0,1.0,1.0,1.0,0.05604999023489654,0,0
paragraph,bm25,product_and_version,3,2,8,0.7498000049963593,2,0.3333333333333333,1.0,1.0,1.0,0.05604999023489654,0,0
paragraph,bm25,product_and_version,5,2,8,0.7498000049963593,2,0.2,1.0,1.0,1.0,0.05604999023489654,0,0
heading,keyword,none,1,2,8,0.23060000967234373,2,1.0,1.0,1.0,1.0,0.062449995311908424,0,0
heading,keyword,none,3,2,8,0.23060000967234373,2,0.3333333333333333,1.0,1.0,1.0,0.062449995311908424,0,0
heading,keyword,none,5,2,8,0.23060000967234373,2,0.2,1.0,1.0,1.0,0.062449995311908424,0,0
heading,keyword,product,1,2,8,0.23060000967234373,2,1.0,1.0,1.0,1.0,0.04844999057240784,0,0
heading,keyword,product,3,2,8,0.23060000967234373,2,0.3333333333333333,1.0,1.0,1.0,0.04844999057240784,0,0
heading,keyword,product,5,2,8,0.23060000967234373,2,0.2,1.0,1.0,1.0,0.04844999057240784,0,0
heading,keyword,product_and_version,1,2,8,0.23060000967234373,2,1.0,1.0,1.0,1.0,0.06920000305399299,0,0
heading,keyword,product_and_version,3,2,8,0.23060000967234373,2,0.3333333333333333,1.0,1.0,1.0,0.06920000305399299,0,0
heading,keyword,product_and_version,5,2,8,0.23060000967234373,2,0.2,1.0,1.0,1.0,0.06920000305399299,0,0
heading,bm25,none,1,2,8,0.571800017496571,2,1.0,1.0,1.0,1.0,0.08974999946076423,0,0
heading,bm25,none,3,2,8,0.571800017496571,2,0.3333333333333333,1.0,1.0,1.0,0.08974999946076423,0,0
heading,bm25,none,5,2,8,0.571800017496571,2,0.2,1.0,1.0,1.0,0.08974999946076423,0,0
heading,bm25,product,1,2,8,0.571800017496571,2,1.0,1.0,1.0,1.0,0.09615000453777611,0,0
heading,bm25,product,3,2,8,0.571800017496571,2,0.3333333333333333,1.0,1.0,1.0,0.09615000453777611,0,0
heading,bm25,product,5,2,8,0.571800017496571,2,0.2,1.0,1.0,1.0,0.09615000453777611,0,0
heading,bm25,product_and_version,1,2,8,0.571800017496571,2,1.0,1.0,1.0,1.0,0.062099992646835744,0,0
heading,bm25,product_and_version,3,2,8,0.571800017496571,2,0.3333333333333333,1.0,1.0,1.0,0.062099992646835744,0,0
heading,bm25,product_and_version,5,2,8,0.571800017496571,2,0.2,1.0,1.0,1.0,0.062099992646835744,0,0
structured,keyword,none,1,2,6,0.4317999992053956,2,1.0,1.0,1.0,1.0,0.09349999891128391,0,0
structured,keyword,none,3,2,6,0.4317999992053956,2,0.3333333333333333,1.0,1.0,1.0,0.09349999891128391,0,0
structured,keyword,none,5,2,6,0.4317999992053956,2,0.2,1.0,1.0,1.0,0.09349999891128391,0,0
structured,keyword,product,1,2,6,0.4317999992053956,2,1.0,1.0,1.0,1.0,0.1262500009033829,0,0
structured,keyword,product,3,2,6,0.4317999992053956,2,0.3333333333333333,1.0,1.0,1.0,0.1262500009033829,0,0
structured,keyword,product,5,2,6,0.4317999992053956,2,0.2,1.0,1.0,1.0,0.1262500009033829,0,0
structured,keyword,product_and_version,1,2,6,0.4317999992053956,2,1.0,1.0,1.0,1.0,0.07575000927317888,0,0
structured,keyword,product_and_version,3,2,6,0.4317999992053956,2,0.3333333333333333,1.0,1.0,1.0,0.07575000927317888,0,0
structured,keyword,product_and_version,5,2,6,0.4317999992053956,2,0.2,1.0,1.0,1.0,0.07575000927317888,0,0
structured,bm25,none,1,2,6,0.5301999917719513,2,1.0,1.0,1.0,1.0,0.0695999915478751,0,0
structured,bm25,none,3,2,6,0.5301999917719513,2,0.3333333333333333,1.0,1.0,1.0,0.0695999915478751,0,0
structured,bm25,none,5,2,6,0.5301999917719513,2,0.2,1.0,1.0,1.0,0.0695999915478751,0,0
structured,bm25,product,1,2,6,0.5301999917719513,2,1.0,1.0,1.0,1.0,0.07419999747071415,0,0
structured,bm25,product,3,2,6,0.5301999917719513,2,0.3333333333333333,1.0,1.0,1.0,0.07419999747071415,0,0
structured,bm25,product,5,2,6,0.5301999917719513,2,0.2,1.0,1.0,1.0,0.07419999747071415,0,0
structured,bm25,product_and_version,1,2,6,0.5301999917719513,2,1.0,1.0,1.0,1.0,0.06249999569263309,0,0
structured,bm25,product_and_version,3,2,6,0.5301999917719513,2,0.3333333333333333,1.0,1.0,1.0,0.06249999569263309,0,0
structured,bm25,product_and_version,5,2,6,0.5301999917719513,2,0.2,1.0,1.0,1.0,0.06249999569263309,0,0
